{"cameraMode":{"drawMode":0,"name":"Shaded","section":"Shading Mode"},"sceneLighting":true,"audioPlay":false,"sceneViewState":{"showFog":true,"showMaterialUpdate":true,"showSkybox":true,"showFlares":true,"showImageEffects":true,"showParticleSystems":true,"showVisualEffectGraphs":true,"m_FxEnabled":true},"in2DMode":false,"pivot":{"x":627.1638793945313,"y":84.84898376464844,"z":0.5717709064483643},"rotation":{"x":0.058462824672460559,"y":-0.011378305964171887,"z":0.0006663920357823372,"w":0.9982243776321411},"size":232.26112365722657,"orthographic":false}