{"cameraMode":{"drawMode":0,"name":"Shaded","section":"Shading Mode"},"sceneLighting":false,"audioPlay":false,"sceneViewState":{"showFog":true,"showMaterialUpdate":true,"showSkybox":false,"showFlares":true,"showImageEffects":true,"showParticleSystems":true,"showVisualEffectGraphs":true,"m_FxEnabled":true},"in2DMode":false,"pivot":{"x":0.4638845920562744,"y":17.835681915283204,"z":5.762186050415039},"rotation":{"x":0.2692004442214966,"y":0.19337517023086549,"z":-0.05527054890990257,"w":0.9418503046035767},"size":22.205739974975587,"orthographic":false}